,0
0,Facebook 
1,Facebook 
2,Goldman 
3,Goldman 
4,Harry 
5,Apple 
6,Goldman 
7,Goldman 
8,Apple 
9,Apple 
10,Goldman Sachs 
11,Goldman 
12,Citi 
13,Goldman 
14,Goldman 
15,Krugman 
16,Goldman 
17,Amazon 
18,Morgan 
19,Goldman Sachs 
20,Citi 
21,Greenberg 
22,Morgan 
23,Herbalife 
24,Ackman 
25,Herbalife 
26,Herbalife 
27,Greenberg 
28,Kahneman 
29,Apple 
30,Apple 
31,Apple 
32,Apple 
33,Apple 
34,Apple 
35,Apple 
36,Apple 
37,Apple 
38,Goldman Sachs 
39,Herbalife 
40,Morgan 
41,Paul 
42,Business Insider 
43,Ackman 
44,Ackman 
45,Ackman 
46,Ackman 
47,Herbalife 
48,Ackman 
49,Herbalife 
50,Herbalife 
51,Herbalife 
52,Apple 
53,Apple 
54,Apple 
55,Ackman 
56,Apple 
57,Goldman 
58,Michigan 
59,Michigan 
60,Nelson 
61,Goldman 
62,Apple 
63,Morgan 
64,Goldman Sachs 
65,Facebook 
66,Facebook 
67,Facebook 
68,Gorman 
69,Herbalife 
70,Ackman 
71,Herbalife 
72,Herbalife 
73,Herbalife 
74,Herbalife 
75,Herbalife 
76,Herbalife 
77,Ackman 
78,Ackman 
79,Apple 
80,Apple 
81,Apple 
82,Ackman 
83,Goldman 
84,Germany 
85,Facebook 
86,Facebook 
87,Facebook 
88,Facebook 
89,Apple 
90,Goldman 
91,Ackman 
92,Goldman 
93,Herbalife 
94,Goldman 
95,Apple 
96,Apple 
97,Apple 
98,Apple 
99,Apple 
100,Apple 
101,Apple 
102,Apple 
103,Apple 
104,Apple 
105,Apple 
106,Apple 
107,Apple 
108,Apple 
109,Apple 
110,Apple 
111,Citi 
112,Ackman 
113,Goldman 
114,Goldman 
115,Michigan 
116,Michigan 
117,Goldman Sachs 
118,Goldman 
119,Goldman 
120,Apple 
121,Apple 
122,Morgan 
123,Morgan 
124,Apple 
125,Apple 
126,Apple 
127,Apple 
128,Ackman 
129,Ackman 
130,Herbalife 
131,Morgan 
132,Apple 
133,Apple 
134,Apple 
135,Apple 
136,Johnson 
137,Apple 
138,Ackman 
139,Ackman 
140,Ackman 
141,Ackman 
142,Ackman 
143,Ackman 
144,Ackman 
145,Ackman 
146,Goldman 
147,People 
148,Apple 
149,Morgan 
150,Apple 
151,Business Insider 
152,Apple 
153,Goldman 
154,Ackman 
155,Reuters 
156,People 
157,Ackman 
158,Apple 
159,Apple 
160,Apple 
161,Apple 
162,Apple 
163,Apple 
164,Apple 
165,Apple 
166,Apple 
167,Apple 
168,Apple 
169,Apple 
170,Apple 
171,Apple 
172,Reuters 
173,Apple 
174,Amazon 
175,Amazon 
176,Amazon 
177,Amazon 
178,Apple 
179,Tesla 
180,Apple 
181,Facebook 
182,Facebook 
183,Facebook 
184,Facebook 
185,Facebook 
186,Morgan 
187,Apple 
188,Apple 
189,Apple 
190,Apple 
191,Apple 
192,Apple 
193,Michigan 
194,Apple 
195,Apple 
196,Apple 
197,Apple 
198,Apple 
199,Apple 
200,Apple 
201,Google 
202,Google 
203,Google 
204,Ackman 
205,Ackman 
206,Business Insider 
207,Goldman 
208,Goldman 
209,Goldman Sachs 
210,Goldman Sachs 
211,Goldman 
212,Microsoft 
213,Microsoft 
214,Goldman 
215,Goldman 
216,Goldman 
217,Apple 
218,Apple 
219,Apple 
220,Apple 
221,Apple 
222,Ackman 
223,Ackman 
224,Ackman 
225,Herbalife 
226,Ackman 
227,Ackman 
228,Buffett 
229,Apple 
230,Apple 
231,Google 
232,Apple 
233,Apple 
234,Apple 
235,Goldman 
236,Goldman 
237,Apple 
238,Apple 
239,Apple 
240,Apple 
241,Apple 
242,Apple 
243,Apple 
244,Apple 
245,Apple 
246,Apple 
247,Apple 
248,Apple 
249,Apple 
250,Apple 
251,Apple 
252,Apple 
253,Apple 
254,Apple 
255,Apple 
256,Apple 
257,Apple 
258,Apple 
259,Apple 
260,Apple 
261,Apple 
262,Apple 
263,Apple 
264,Draghi 
265,Apple 
266,Business Insider 
267,Apple 
268,Citigroup 
269,Broder 
270,Ackman 
271,Herbalife 
272,Goldman Sachs 
273,Apple 
274,Business Insider 
275,Apple 
276,Business Insider 
277,Ader 
278,Mathewson 
279,Apple 
280,Apple 
281,Apple 
282,Apple 
283,Amazon 
284,Ellison 
285,Ellison 
286,Ellison 
287,Michigan 
288,Tesla 
289,Broder 
290,Apple 
291,Apple 
292,Apple 
293,Apple 
294,Apple 
295,Apple 
296,Apple 
297,Apple 
298,Apple 
299,Apple 
300,Apple 
301,Broder 
302,Ackman 
303,Ackman 
304,Ackman 
305,Ackman 
306,Michigan 
307,Apple 
308,Google 
309,Apple 
310,Apple 
311,Apple 
312,Apple 
313,Apple 
314,Apple 
315,Apple 
316,Apple 
317,Apple 
318,Michigan 
319,Morgan 
320,Goldman 
321,Goldman 
322,Herbalife 
323,Ackman 
324,Apple 
325,Apple 
326,Goldman 
327,Herbalife 
328,Apple 
329,Apple 
330,Apple 
331,Ader 
332,Ader 
333,Ader 
334,Apple 
335,Goldman 
336,Apple 
337,Apple 
338,Goldman 
339,Apple 
340,Johnson 
341,Apple 
342,Apple 
343,Apple 
344,Apple 
345,Apple 
346,Apple 
347,Apple 
348,Apple 
349,Apple 
350,Apple 
351,Google 
352,Goldman 
353,Goldman 
354,Morgan 
355,Google 
356,Apple 
357,Apple 
358,Apple 
359,Apple 
360,Apple 
361,Apple 
362,Apple 
363,Apple 
364,Apple 
365,Apple 
366,Apple 
367,Apple 
368,Apple 
369,Morgan 
370,Morgan 
371,Apple 
372,Apple 
373,Apple 
374,Apple 
375,Apple 
376,Apple 
377,Apple 
378,Apple 
379,Apple 
380,Apple 
381,Apple 
382,Apple 
383,Apple 
384,Johnson 
385,Morgan 
386,Ackman 
387,Ackman 
388,Apple 
389,Apple 
390,Reuters 
391,People 
392,Lehman 
393,Ackman 
394,Ackman 
395,Johnson 
396,Ackman 
397,Apple 
398,Apple 
399,Apple 
400,Apple 
401,Apple 
402,Apple 
403,Apple 
404,Apple 
405,Apple 
406,Apple 
407,Apple 
408,Apple 
409,Apple 
410,Apple 
411,Apple 
412,Apple 
413,Buffett 
414,Michigan 
415,Germany 
416,Apple 
417,Apple 
418,Apple 
419,Apple 
420,Apple 
421,Goldman 
422,Goldman 
423,Goldman 
424,Goldman 
425,Apple 
426,Yellen 
427,Apple 
428,Apple 
429,Citi 
430,Ackman 
431,Goldman 
432,Paulson 
433,Apple 
434,Goldman 
435,Krugman 
436,Bitcoin 
437,Dell 
438,Apple 
439,Ackman 
440,Goldman Sachs 
441,Holder 
442,Ackman 
443,Goldman 
444,Goldman 
445,Ackman 
446,Ackman 
447,Apple 
448,Apple 
449,Sandberg 
450,Google 
451,Google 
452,Ackman 
453,Apple 
454,Google 
455,Apple 
456,Apple 
457,Apple 
458,Apple 
459,Apple 
460,Apple 
461,Apple 
462,Apple 
463,Apple 
464,Apple 
465,Apple 
466,Apple 
467,Greenberg 
468,Johnson 
469,Apple 
470,White 
471,Apple 
472,Gartman 
473,Morgan 
474,Apple 
475,Apple 
476,Apple 
477,Apple 
478,Apple 
479,Apple 
480,Apple 
481,Apple 
482,Apple 
483,Morgan 
484,Apple 
485,Apple 
486,Apple 
487,Apple 
488,Apple 
489,Apple 
490,Apple 
491,Ackman 
492,Apple 
493,Apple 
494,Apple 
495,Apple 
496,Apple 
497,Apple 
498,Apple 
499,Apple 
500,Apple 
501,Michigan 
502,Michigan 
503,Michigan 
504,Michigan 
505,Michigan 
506,Johnson 
507,Johnson 
508,Michigan 
509,Apple 
510,Goldman 
511,Johnson 
512,Reuters 
513,Apple 
514,Apple 
515,Apple 
516,Apple 
517,Apple 
518,Apple 
519,Apple 
520,Apple 
521,Apple 
522,Goldman Sachs 
523,Germany 
524,Goldman 
525,Goldman 
526,Reuters 
527,Apple 
528,Tesla 
529,Goldman 
530,Goldman 
531,Business Insider 
532,People 
533,Goldman Sachs 
534,Goldman 
535,Goldman Sachs 
536,Johnson 
537,Google 
538,Facebook 
539,Business Insider 
540,Michigan 
541,Morgan 
542,Stockman 
543,Apple 
544,Apple 
545,Bitcoin 
546,Israel 
547,Citi 
548,Apple 
549,Google 
550,Ackman 
551,Goldman 
552,Bitcoin 
553,Goldman Sachs 
554,Apple 
555,Apple 
556,Apple 
557,Apple 
558,Apple 
559,Apple 
560,Apple 
561,Goldman Sachs 
562,Reuters 
563,Goldman 
564,Goldman 
565,Sherman 
566,Sherman 
567,Yellen 
568,Bitcoin 
569,Ackman 
570,Monday 
571,Goldman Sachs 
572,Business Insider 
573,Johnson 
574,Johnson 
575,Ullman 
576,Ullman 
577,Ackman 
578,Ackman 
579,Johnson 
580,Johnson 
581,Johnson 
582,Ackman 
583,Ackman 
584,Johnson 
585,Bitcoin 
586,Ullman 
587,Ullman 
588,Herbalife 
589,Herbalife 
590,Herbalife 
591,Herbalife 
592,Herbalife 
593,Goldman 
594,Herbalife 
595,Ackman 
596,Herbalife 
597,Ackman 
598,Bitcoin 
599,Business Insider 
600,Lauder 
601,Goldman 
602,Johnson 
603,Johnson 
604,Johnson 
605,Bitcoin 
606,Bitcoin 
607,Apple 
608,Apple 
609,Michigan 
610,Amazon 
611,Johnson 
612,Goldman 
613,Goldman 
614,Apple 
615,Apple 
616,Apple 
617,Apple 
618,Apple 
619,Apple 
620,Apple 
621,Apple 
622,Apple 
623,Apple 
624,Apple 
625,Apple 
626,Apple 
627,Goldman 
628,Goldman 
629,Morgan 
630,Morgan 
631,Google 
632,Google 
633,Schwarzman 
634,Goldman 
635,Apple 
636,Apple 
637,Apple 
638,Goldman 
639,Apple 
640,Apple 
641,Apple 
642,Apple 
643,Apple 
644,Apple 
645,Amazon 
646,Apple 
647,Apple 
648,Apple 
649,Goldman Sachs 
650,Apple 
651,Apple 
652,Apple 
653,Apple 
654,Apple 
655,Apple 
656,Apple 
657,Apple 
658,Apple 
659,Apple 
660,Apple 
661,Apple 
662,Apple 
663,Apple 
664,Apple 
665,Apple 
666,Apple 
667,Apple 
668,Apple 
669,Apple 
670,Apple 
671,Apple 
672,Apple 
673,Apple 
674,Apple 
675,Apple 
676,Apple 
677,Apple 
678,Apple 
679,Apple 
680,Apple 
681,Google 
682,Goldman 
683,Apple 
684,Johnson 
685,German 
686,Kitzenberg 
687,Apple 
688,Apple 
689,Citi 
690,Apple 
691,Apple 
692,Apple 
693,Apple 
694,Apple 
695,Apple 
696,Apple 
697,Apple 
698,Apple 
699,Apple 
700,Apple 
701,Apple 
702,Apple 
703,Apple 
704,Apple 
705,Apple 
706,Apple 
707,Apple 
708,Apple 
709,Apple 
710,Business Insider 
711,Goldman Sachs 
712,Michigan 
713,Michigan 
714,Bitcoin 
715,Bitcoin 
716,Bitcoin 
717,Google 
718,Germany 
719,Bauman 
720,Goldman 
721,Goldman Sachs 
722,Ackman 
723,Apple 
724,Apple 
725,Apple 
726,Amazon 
727,Bitcoin 
728,Facebook 
729,Apple 
730,Facebook 
731,Facebook 
732,Facebook 
733,Facebook 
734,Amazon 
735,Facebook 
736,Morgan 
737,Johnson 
738,Morgan 
739,Ferguson 
740,Krugman 
741,Citi 
742,Kitson 
743,Ferguson 
744,Goldman 
745,Rosenberg 
746,Buffett 
747,Goldman Sachs 
748,Goldman 
749,Google 
750,Apple 
751,Apple 
752,Germany 
753,Germany 
754,Goldman Sachs 
755,Goldman 
756,Citi 
757,Buffett 
758,Google 
759,Microsoft 
760,Microsoft 
761,Apple 
762,Yahoo 
763,Buffett 
764,Ferguson 
765,Ackman 
766,Ackman 
767,Ackman 
768,Tesla 
769,Bitcoin 
770,Tesla 
771,Tesla 
772,Goldman Sachs 
773,Apple 
774,Hunsader 
775,Apple 
776,Goldman Sachs 
777,Reuters 
778,Business Insider 
779,Bitcoin 
780,Tesla 
781,Rosenberg 
782,Goldman 
783,Parkinson 
784,Goldman 
785,Johnson 
786,Tesla 
787,Bitcoin 
788,Apple 
789,Parkinson 
790,Morgan 
791,Ackman 
792,Apple 
793,Apple 
794,Robertson 
795,Apple 
796,Goldman 
797,Goldman 
798,Tesla 
799,Business Insider 
800,Facebook 
801,Facebook 
802,Facebook 
803,Facebook 
804,Krugman 
805,Business Insider 
806,Morgan 
807,Michigan 
808,Bloomberg 
809,Reuters 
810,Apple 
811,Apple 
812,Goldman 
813,Goldman 
814,Goldman 
815,Goldman 
816,Goldman 
817,Apple 
818,Apple 
819,Apple 
820,Apple 
821,Apple 
822,Apple 
823,Apple 
824,Apple 
825,Google 
826,Herbalife 
827,Ackman 
828,Apple 
829,Apple 
830,Apple 
831,Apple 
832,Goldman 
833,Bloomberg 
834,Ackman 
835,Morgan 
836,Beckerman 
837,Goldman 
838,Ackman 
839,Apple 
840,Englander 
841,Krugman 
842,Apple 
843,Apple 
844,Apple 
845,Apple 
846,Apple 
847,Apple 
848,Apple 
849,Apple 
850,Goldman Sachs 
851,Goldman Sachs 
852,Bitcoin 
853,Morgan 
854,Apple 
855,Apple 
856,Apple 
857,Google 
858,Apple 
859,Tesla 
860,Jackson 
861,Apple 
862,Apple 
863,Apple 
864,Apple 
865,Apple 
866,Apple 
867,Apple 
868,Facebook 
869,Morgan 
870,Microsoft 
871,Manhattan 
872,Goldman Sachs 
873,Goldman Sachs 
874,Manhattan 
875,Bitcoin 
876,Bitcoin 
877,Bitcoin 
878,Apple 
879,Apple 
880,Apple 
881,Apple 
882,Michigan 
883,Goldman 
884,Morgan 
885,Facebook 
886,Microsoft 
887,Microsoft 
888,Microsoft 
889,Microsoft 
890,Microsoft 
891,Tesla 
892,Bloomberg 
893,Ellison 
894,Simpson 
895,Ellison 
896,Goldman 
897,Ackman 
898,Business Insider 
899,Reuters 
900,Goldman 
901,Amazon 
902,Tesla 
903,Erdogan 
904,Goldman 
905,Samsung 
906,Apple 
907,Goldman 
908,Michigan 
909,Gilman 
910,Goldman Sachs 
911,Wal-Mart 
912,Tesla 
913,Tesla 
914,Tesla 
915,Tesla 
916,Paulson 
917,Michigan 
918,Wal-Mart 
919,Google 
920,Google 
921,Google 
922,Herbalife 
923,Herbalife 
924,Michigan 
925,Michigan 
926,Goldman Sachs 
927,Goldman 
928,Goldman 
929,Goldman 
930,Goldman 
931,Robinson 
932,Perelman 
933,Perelman 
934,Parkinson 
935,Perelman 
936,Samsung 
937,Yellen 
938,Berkeley 
939,Apple 
940,Google 
941,Citigroup 
942,Paulson 
943,Bitcoin 
944,Goldman Sachs 
945,Goldman 
946,Ader 
947,Apple 
948,Apple 
949,People 
950,Apple 
951,Apple 
952,Apple 
953,Goldman Sachs 
954,Michigan 
955,Business Insider 
956,Michigan 
957,Michigan 
958,Morgan 
959,Google 
960,Apple 
961,Business Insider 
962,Apple 
963,Apple 
964,Citi 
965,Bitcoin 
966,Bitcoin 
967,Goldman 
968,Tesla 
969,Ackman 
970,Ackman 
971,Ackman 
972,Ackman 
973,Ackman 
974,Ackman 
975,Goldman 
976,Business Insider 
977,Business Insider 
978,Business Insider 
979,Business Insider 
980,Michigan 
981,Michigan 
982,Goldman 
983,Goldman 
984,Germany 
985,Ackman 
986,Ackman 
987,Ackman 
988,Herbalife 
989,Herbalife 
990,Citi 
991,Citigroup 
992,Citigroup 
993,Citigroup 
994,Citigroup 
995,Goldman 
996,Yahoo 
997,Yahoo 
998,Reuters 
999,Goldman 
1000,Goldman 
1001,Goldman 
1002,Goldman 
1003,Goldman Sachs 
1004,Microsoft 
1005,Google 
1006,Apple 
1007,Google 
1008,Citi 
1009,Bitcoin 
1010,Business Insider 
1011,Herbalife 
1012,Ackman 
1013,Ackman 
1014,Ackman 
1015,Goldman 
1016,Goldman 
1017,Facebook 
1018,Google 
1019,Google 
1020,Google 
1021,Google 
1022,Google 
1023,Google 
1024,Reuters 
1025,Apple 
1026,Morgan 
1027,Business Insider 
1028,Business Insider 
1029,Yahoo 
1030,Yahoo 
1031,Yahoo 
1032,Yahoo 
1033,Bill 
1034,Herbalife 
1035,Ackman 
1036,Silberman 
1037,Apple 
1038,Apple 
1039,Apple 
1040,Apple 
1041,Apple 
1042,Apple 
1043,Apple 
1044,Business Insider 
1045,Apple 
1046,Apple 
1047,Apple 
1048,Apple 
1049,Apple 
1050,Apple 
1051,Apple 
1052,Apple 
1053,Thompson 
1054,Goldman 
1055,Goldman 
1056,Goldman Sachs 
1057,Apple 
1058,Apple 
1059,Apple 
1060,Apple 
1061,Apple 
1062,Apple 
1063,Apple 
1064,Apple 
1065,Apple 
1066,Apple 
1067,Apple 
1068,Apple 
1069,Apple 
1070,Apple 
1071,Apple 
1072,Apple 
1073,Thompson 
1074,Facebook 
1075,Facebook 
1076,Facebook 
1077,Facebook 
1078,Facebook 
1079,Michigan 
1080,Apple 
1081,Apple 
1082,Apple 
1083,Apple 
1084,Apple 
1085,Ford 
1086,Dell 
1087,Paulson 
1088,Paulson 
1089,Bloomberg 
1090,Apple 
1091,Michigan 
1092,Facebook 
1093,Facebook 
1094,Facebook 
1095,Facebook 
1096,Facebook 
1097,Michigan 
1098,Michigan 
1099,Citi 
1100,Herbalife 
1101,Goldman Sachs 
1102,People 
1103,Facebook 
1104,Goldman 
1105,Herbalife 
1106,Business Insider 
1107,Ackman 
1108,Herbalife 
1109,Ackman 
1110,Ackman 
1111,Herbalife 
1112,Microsoft 
1113,Ackman 
1114,Amazon 
1115,Amazon 
1116,Microsoft 
1117,Microsoft 
1118,Goldman Sachs 
1119,Amazon 
1120,Amazon 
1121,Herbalife 
1122,Ackman 
1123,Goldman 
1124,Goldman 
1125,Goldman 
1126,Business Insider 
1127,Englander 
1128,Goldman Sachs 
1129,Apple 
1130,Apple 
1131,Apple 
1132,Apple 
1133,Apple 
1134,Apple 
1135,Apple 
1136,Apple 
1137,Apple 
1138,Patterson 
1139,Morgan 
1140,Goldman 
1141,Ackman 
1142,Apple 
1143,Apple 
1144,Apple 
1145,Apple 
1146,Apple 
1147,Apple 
1148,Apple 
1149,Apple 
1150,Apple 
1151,Apple 
1152,Ackman 
1153,Michigan 
1154,Goldman 
1155,Goldman 
1156,Goldman Sachs 
1157,Tesla 
1158,Ackman 
1159,Ackman 
1160,Tesla 
1161,Tesla 
1162,Johnson 
1163,Tesla 
1164,Reuters 
1165,Tesla 
1166,Tesla 
1167,Tesla 
1168,Tesla 
1169,Tesla 
1170,Ackman 
1171,Yellen 
1172,Ackman 
1173,Facebook 
1174,Apple Inc 
1175,Goldman 
1176,Apple Inc 
1177,Ackman 
1178,Ackman 
1179,Ackman 
1180,Ackman 
1181,Ackman 
1182,Tesla 
1183,Apple 
1184,Apple 
1185,Ackman 
1186,Ackman 
1187,Apple 
1188,Apple 
1189,Goldman 
1190,Goldman 
1191,Goldman 
1192,Apple 
1193,Apple 
1194,Apple 
1195,Apple 
1196,Apple 
1197,Apple 
1198,Apple 
1199,Apple 
1200,Apple 
1201,Apple 
1202,Apple 
1203,Ackman 
1204,Ackman 
1205,Apple 
1206,Apple 
1207,Apple 
1208,Michigan 
1209,Goldman Sachs 
1210,Michigan 
1211,Michigan 
1212,Michigan 
1213,Google 
1214,Google 
1215,Herbalife 
1216,Ackman 
1217,Herbalife 
1218,Herbalife 
1219,Herbalife 
1220,Ackman 
1221,Tesla 
1222,Apple 
1223,Goldman Sachs 
1224,Goldman 
1225,Goldman 
1226,Goldman 
1227,Tesla 
1228,Goldman 
1229,Goldman 
1230,Facebook 
1231,Facebook 
1232,Apple 
1233,Microsoft 
1234,Microsoft 
1235,Apple 
1236,Goldman 
1237,Goldman 
1238,Goldman 
1239,Lee 
1240,Morgan 
1241,Goldman Sachs 
1242,Germany 
1243,Goldman 
1244,Goldman Sachs 
1245,Apple 
1246,Apple 
1247,Apple 
1248,Apple 
1249,Apple 
1250,Apple 
1251,Apple 
1252,Apple 
1253,Herbalife 
1254,Herbalife 
1255,Business Insider 
1256,Ackman 
1257,Ackman 
1258,Herbalife 
1259,Herbalife 
1260,Schneiderman 
1261,Tesla 
1262,Business Insider 
1263,Michigan 
1264,Herbalife 
1265,Herbalife 
1266,Goldman Sachs 
1267,Citi 
1268,Bitcoin 
1269,Ackman 
1270,Ackman 
1271,Thompson 
1272,Microsoft 
1273,Microsoft 
1274,Microsoft 
1275,Citi 
1276,Paulson 
1277,Goldman 
1278,Netflix 
1279,Apple 
1280,Apple 
1281,Twitter 
1282,Apple 
1283,Nasdaq 
1284,Apple 
1285,Apple 
1286,Apple 
1287,Apple 
1288,Apple 
1289,Apple 
1290,Apple 
1291,Apple 
1292,Apple 
1293,Apple 
1294,Apple 
1295,Lehman 
1296,Apple 
1297,Apple 
1298,Apple 
1299,Apple 
1300,Apple 
1301,Apple 
1302,Lehman 
1303,Twitter 
1304,Twitter 
1305,Michigan 
1306,Englander 
1307,Twitter 
1308,Facebook 
1309,Lehman 
1310,Goldman 
1311,Michael 
1312,Yellen 
1313,Berkeley 
1314,Louis 
1315,Twitter 
1316,Citi 
1317,Paulson 
1318,Paulson 
1319,Klarman 
1320,Tesla 
1321,Tesla 
1322,Facebook 
1323,Twitter 
1324,Twitter 
1325,Twitter 
1326,Twitter 
1327,Germany 
1328,Kinder 
1329,Microsoft 
1330,Apple 
1331,Apple 
1332,Apple 
1333,Apple 
1334,Apple 
1335,Apple 
1336,Bloomberg 
1337,Amazon 
1338,Amazon 
1339,Lee 
1340,Apple 
1341,Tesla 
1342,Fergusson 
1343,Zuckerberg 
1344,Zuckerberg 
1345,Microsoft 
1346,Isaacson 
1347,Apple 
1348,Apple 
1349,Apple 
1350,Apple 
1351,Apple 
1352,Apple 
1353,Morgan 
1354,Ackman 
1355,Ackman 
1356,Apple 
1357,Yahoo 
1358,Apple 
1359,Apple 
1360,Apple 
1361,Morgan 
1362,Apple 
1363,Ellison 
1364,Apple 
1365,Amazon 
1366,Apple 
1367,Apple 
1368,Apple 
1369,Apple 
1370,Apple 
1371,Emerson 
1372,Goldman Sachs 
1373,Pimco 
1374,Goldman 
1375,Pimco 
1376,Reuters 
1377,Goldman 
1378,Michigan 
1379,Apple 
1380,Morgan 
1381,Perelman 
1382,Tesla 
1383,Twitter 
1384,Microsoft 
1385,Goldman Sachs 
1386,Apple 
1387,Apple 
1388,Apple 
1389,Apple 
1390,Apple 
1391,Bitcoin 
1392,Citi 
1393,Thompson 
1394,Tesla 
1395,Ackman 
1396,Ackman 
1397,Ackman 
1398,Herbalife 
1399,Ackman 
1400,Goldman 
1401,Tesla 
1402,Apple 
1403,Cushman 
1404,Microsoft 
1405,Goldman Sachs 
1406,Goldman Sachs 
1407,Robertson 
1408,Goldman Sachs 
1409,Krugman 
1410,Krugman 
1411,Krugman 
1412,Goldman Sachs 
1413,Apple 
1414,Hogan 
1415,Morgan 
1416,Business Insider 
1417,Yellen 
1418,Berkeley 
1419,Apple 
1420,Michigan 
1421,Krugman 
1422,Ferguson 
1423,Ferguson 
1424,Michigan 
1425,Citi 
1426,Citi 
1427,Goldman 
1428,Citi 
1429,Yahoo 
1430,Bitcoin 
1431,Morgan 
1432,Apple 
1433,Apple 
1434,Apple 
1435,Apple 
1436,Apple 
1437,Walmart 
1438,Yahoo 
1439,Yahoo 
1440,Apple 
1441,Apple 
1442,Apple 
1443,Twitter 
1444,Twitter 
1445,Twitter 
1446,Twitter 
1447,Twitter 
1448,Apple 
1449,Google 
1450,Goldman 
1451,Tesla 
1452,Foster 
1453,Google 
1454,Google 
1455,Google 
1456,Goldman 
1457,Goldman 
1458,Goldman 
1459,Germany 
1460,Herbalife 
1461,Ackman 
1462,Apple 
1463,Apple 
1464,Apple 
1465,Apple 
1466,Apple 
1467,Apple 
1468,Apple 
1469,Apple 
1470,Apple 
1471,Apple 
1472,Business Insider 
1473,David 
1474,Goldman 
1475,Goldman 
1476,Business Insider 
1477,Germany 
1478,Tesla 
1479,Apple 
1480,Apple 
1481,Apple 
1482,Apple 
1483,Apple 
1484,Apple 
1485,Apple 
1486,Apple 
1487,Apple 
1488,Apple 
1489,Apple 
1490,Apple 
1491,Apple 
1492,Shareholder 
1493,Ackman 
1494,Apple 
1495,Sydney 
1496,Michigan 
1497,Michigan 
1498,Amazon 
1499,Amazon 
1500,Amazon 
1501,Goldman 
1502,Goldman 
1503,Twitter 
1504,Twitter 
1505,Facebook 
1506,Facebook 
1507,Twitter 
1508,Nasdaq 
1509,Twitter 
1510,Michigan 
1511,Apple 
1512,Apple 
1513,Ackman 
1514,Ackman 
1515,Ackman 
1516,Amazon 
1517,Goldman 
1518,Goldman 
1519,Apple 
1520,Apple 
1521,Apple 
1522,Apple 
1523,Apple 
1524,Apple 
1525,Goldman 
1526,Business Insider 
1527,Facebook 
1528,Ackman 
1529,Ackman 
1530,Yellen 
1531,Google 
1532,Apple 
1533,Apple 
1534,Apple 
1535,Facebook 
1536,Facebook 
1537,Facebook 
1538,Facebook 
1539,Business Insider 
1540,Reuters 
1541,Google 
1542,Google 
1543,Amazon 
1544,Twitter 
1545,Reuters 
1546,Goldman 
1547,Goldman 
1548,Bitcoin 
1549,Bitcoin 
1550,Bitcoin 
1551,Business Insider 
1552,Amazon 
1553,Amazon 
1554,Apple 
1555,Twitter 
1556,Twitter 
1557,Tesla 
1558,Twitter 
1559,Facebook 
1560,Facebook 
1561,Twitter 
1562,Twitter 
1563,Twitter 
1564,Twitter 
1565,Reuters 
1566,Bitcoin 
1567,Goldman 
1568,Twitter 
1569,Facebook 
1570,Twitter 
1571,Twitter 
1572,Twitter 
1573,Bitcoin 
1574,Twitter 
1575,Twitter 
1576,Twitter 
1577,Goldman 
1578,Goldman 
1579,Bitcoin 
1580,Bitcoin 
1581,Bitcoin 
1582,Bitcoin 
1583,Bitcoin 
1584,Michigan 
1585,Business Insider 
1586,Twitter 
1587,Facebook 
1588,Goldman 
1589,Michigan 
1590,Sachs 
1591,Goldman 
1592,Apple 
1593,Apple 
1594,Morgan 
1595,Tesla 
1596,Single 
1597,Single 
1598,Twitter 
1599,Reuters 
1600,Ackman 
1601,Goldman Sachs 
1602,Facebook 
1603,Kahneman 
1604,Yellen 
1605,Tesla 
1606,Business Insider 
1607,Apple 
1608,Business Insider 
1609,Tesla 
1610,Business Insider 
1611,Ackman 
1612,Twitter 
1613,Facebook 
1614,Facebook 
1615,Yellen 
1616,Berkeley 
1617,Yellen 
1618,Yellen 
1619,Apple 
1620,Apple 
1621,Apple 
1622,Apple 
1623,Apple 
1624,Apple 
1625,Apple 
1626,Apple 
1627,Apple 
1628,Apple 
1629,Apple 
1630,Google 
1631,Reuters 
1632,Krugman 
1633,Twitter 
1634,Twitter 
1635,Facebook 
1636,Google 
1637,Apple 
1638,Google 
1639,Apple 
1640,Apple 
1641,Microsoft 
1642,Bitcoin 
1643,Bitcoin 
1644,Apple 
1645,Bitcoin 
1646,Business Insider 
1647,Tesla 
1648,Apple 
1649,Apple 
1650,Goldman Sachs 
1651,Goldman 
1652,Goldman 
1653,Bloomberg 
1654,Facebook 
1655,Goldman 
1656,Apple 
1657,Goldman 
1658,Goldman Sachs 
1659,Business Insider 
1660,Business Insider 
1661,Business Insider 
1662,Business Insider 
1663,Bitcoin 
1664,Yellen 
1665,Goldman 
1666,Ackman 
1667,Ackman 
1668,Ackman 
1669,Reuters 
1670,Bitcoin 
1671,Reuters 
1672,Bitcoin 
1673,Bitcoin 
1674,Bitcoin 
1675,Bitcoin 
1676,Bitcoin 
1677,Litecoin 
1678,Bitcoin 
1679,Bitcoin 
1680,Johnson 
1681,Johnson 
1682,Johnson 
1683,Germany 
1684,Harry 
1685,Bitcoin 
1686,Bitcoin 
1687,Amazon 
1688,Bitcoin 
1689,Bitcoin 
1690,Apple 
1691,Apple 
1692,Apple 
1693,Apple 
1694,Apple 
1695,Amazon 
1696,Google 
1697,Bitcoin 
1698,Bitcoin 
1699,Tesla 
1700,Business Insider 
1701,Apple 
1702,Apple 
1703,Hayman 
1704,Facebook 
1705,Goldman 
1706,Goldman 
1707,Bitcoin 
1708,Bitcoin 
1709,Bitcoin 
1710,Bitcoin 
1711,Bitcoin 
1712,Apple 
1713,Apple 
1714,Apple 
1715,Bitcoin 
1716,Bitcoin 
1717,Bitcoin 
1718,Goldman 
1719,Goldman 
1720,Goldberg 
1721,Google 
1722,Google 
1723,Michigan 
1724,Michigan 
1725,Michigan 
1726,Michigan 
1727,Goldman 
1728,Business Insider 
1729,Grayson 
1730,Grayson 
1731,Goldman 
1732,Goldman Sachs 
1733,Bitcoin 
1734,Bitcoin 
1735,Monday 
1736,Bitcoin 
1737,Yellen 
1738,Alibaba 
1739,Twitter 
1740,Yellen 
1741,Twitter 
1742,Business Insider 
1743,Apple 
1744,Apple 
1745,Apple 
1746,Apple 
1747,Apple 
1748,Goldman Sachs 
1749,Herbalife 
1750,Herbalife 
1751,Herbalife 
1752,Bloomberg 
1753,Goldman 
1754,Bitcoin 
1755,Bitcoin 
1756,Yellen 
1757,Yellen 
1758,Ackman 
1759,Herbalife 
1760,Business Insider 
1761,Goldman Sachs 
1762,Ackman 
1763,Ackman 
1764,David 
1765,David 
1766,David 
1767,Sydney 
1768,Facebook 
1769,Facebook 
1770,Business Insider 
1771,Erdogan 
1772,Apple 
1773,Apple 
1774,People 
1775,Goldman 
1776,Bitcoin 
1777,Bitcoin 
1778,Bitcoin 
1779,Bitcoin 
1780,Yahoo 
1781,Goldman 
1782,Bitcoin 
1783,Business Insider 
1784,Dogecoin 
1785,Apple 
1786,Apple 
1787,Bitcoin 
1788,Goldman 
1789,Bitcoin 
1790,Michigan 
1791,Michigan 
1792,Goldman 
1793,Wilson 
1794,Sydney 
1795,Erdogan 
1796,Erdogan 
1797,Twitter 
1798,Erdogan 
1799,Apple 
1800,Apple 
1801,Apple 
1802,Erdogan 
1803,Bitcoin 
1804,Bitcoin 
1805,Erdogan 
1806,Goldman 
1807,Tyson 
1808,Twitter 
1809,Bitcoin 
1810,Bitcoin 
1811,Bitcoin 
1812,Bitcoin 
1813,Bitcoin 
1814,Stockman 
1815,Wal-Mart 
1816,Bitcoin 
1817,Bitcoin 
1818,Warren 
1819,Twitter 
1820,Bitcoin 
1821,Goldman Sachs 
1822,Yahoo 
1823,Nader 
1824,Goldman Sachs 
1825,Yellen 
1826,Berkeley 
1827,Myerson 
1828,Myerson 
1829,Myerson 
1830,Rosenberg 
1831,Business Insider 
1832,Tilson 
1833,Business Insider 
1834,Adelson 
1835,Goldman Sachs 
1836,Apple 
1837,Apple 
1838,Ackman 
1839,Germany 
1840,Microsoft 
1841,Bitcoin 
1842,Bitcoin 
1843,Business Insider 
1844,Apple 
1845,Apple 
1846,Business Insider 
1847,Citi 
1848,Apple 
1849,Google 
1850,Apple 
1851,Apple 
1852,Bitcoin 
1853,Goldman 
1854,Goldman 
1855,Goldman 
1856,Goldman 
1857,Goldman 
1858,Goldman 
1859,Goldman 
1860,Twitter 
1861,Morgan 
1862,Apple 
1863,Google 
1864,Goldman 
1865,Reuters 
1866,Google 
1867,Apple 
1868,David 
1869,Tesla 
1870,Tesla 
1871,Apple 
1872,Apple 
1873,Michigan 
1874,Michigan 
1875,Goldman 
1876,Gorman 
1877,Ericsson 
1878,Microsoft 
1879,Apple 
1880,Apple 
1881,Apple 
1882,Apple 
1883,Apple 
1884,Apple 
1885,Bitcoin 
1886,Simple 
1887,Monday 
1888,Goldman 
1889,Goldman Sachs 
1890,Deutsche 
1891,Deutsche 
1892,Dow 
1893,Monday 
1894,Facebook 
1895,Apple 
1896,Apple 
1897,Google 
1898,Deutsche 
1899,Hanson 
1900,Goldman Sachs 
1901,Google 
1902,Google 
1903,Herbalife 
1904,Ackman 
1905,Ackman 
1906,Herbalife 
1907,Herbalife 
1908,Goldman 
1909,Business 
1910,Tesla 
1911,Tesla 
1912,Apple 
1913,Apple 
1914,Apple 
1915,Apple 
1916,Apple 
1917,Apple 
1918,Apple 
1919,Apple 
1920,Goldman 
1921,Ackman 
1922,Bitcoin 
1923,Yahoo 
1924,Yahoo 
1925,Yahoo 
1926,Apple 
1927,Paulson 
1928,Apple 
1929,Apple 
1930,Apple 
1931,Apple 
1932,Apple 
1933,Apple 
1934,Business Insider 
1935,Bitcoin 
1936,Bitcoin 
1937,Bitcoin 
1938,Bitcoin 
1939,Bitcoin 
1940,Bitcoin 
1941,Facebook 
1942,Facebook 
1943,Facebook 
1944,Facebook 
1945,Facebook 
1946,Facebook 
1947,Ackman 
1948,Goldman 
1949,Goldman 
1950,Goldman 
1951,Google 
1952,Google 
1953,Google 
1954,Johnson 
1955,Apple 
1956,Google 
1957,Google 
1958,Michigan 
1959,Business Insider 
1960,Michigan 
1961,Michigan 
1962,Facebook 
1963,Michigan 
1964,Business Insider 
1965,Goldman Sachs 
1966,Herbalife 
1967,Yellen 
1968,Goldman 
1969,Dogecoin 
1970,Microsoft 
1971,Microsoft 
1972,Germany 
1973,Microsoft 
1974,Apple 
1975,Facebook 
1976,Twitter 
1977,Twitter 
1978,Whitman 
1979,Whitman 
1980,Apple 
1981,Crohn 
1982,Apple 
1983,Goldman 
1984,Goldman 
1985,Apple 
1986,Parkinson 
1987,Apple 
1988,Bitcoin 
1989,Business 
1990,Bitcoin 
1991,Yellen 
1992,Goldman 
1993,Yellen 
1994,Yellen 
1995,Facebook 
1996,Morgan 
1997,Morgan 
1998,Morgan 
1999,Goldman Sachs 
2000,Goldman Sachs 
2001,Goldman Sachs 
2002,Morgan 
2003,Morgan 
2004,Morgan 
2005,Goldman Sachs 
2006,Manhattan 
2007,Microsoft 
2008,Ackman 
2009,Ackman 
2010,Ackman 
2011,Morgan 
2012,Business Insider 
2013,Yellen 
2014,Bitcoin 
2015,Bitcoin 
2016,Bitcoin 
2017,Bitcoin 
2018,Michigan 
2019,Crohn 
2020,Microsoft 
2021,Microsoft 
2022,Microsoft 
2023,Microsoft 
2024,Microsoft 
2025,Morgan 
2026,Goldman 
2027,Goldman Sachs 
2028,Goldman Sachs 
2029,Business Insider 
2030,Herbalife 
2031,Apple 
2032,Apple 
2033,Apple 
2034,Apple 
2035,Apple 
2036,Apple 
2037,Apple 
2038,Apple 
2039,Apple 
2040,Google 
2041,Apple 
2042,Reuters 
2043,Tesla 
2044,Herbalife 
2045,Simple 
2046,Facebook 
2047,Facebook 
2048,Tesla 
2049,Tesla 
2050,Facebook 
2051,Facebook 
2052,Facebook 
2053,Apple 
2054,Bitcoin 
2055,Bitcoin 
2056,Facebook 
2057,Facebook 
2058,Goldman Sachs 
2059,Microsoft 
2060,Goldman 
2061,Goldman 
2062,Goldman 
2063,Apple 
2064,Dealbook 
2065,Goldman 
2066,Goldman 
2067,Apple 
2068,Goldman 
2069,Apple 
2070,Bitcoin 
2071,Draghi 
2072,Bitcoin 
2073,Bitcoin 
2074,Bitcoin 
2075,Bitcoin 
2076,Bitcoin 
2077,Tesla 
2078,Business Insider 
2079,Dealbook 
2080,Google 
2081,Erdogan 
2082,Erdogan 
2083,Tesla 
2084,Bitcoin 
2085,Business Insider 
2086,Apple 
2087,Apple 
2088,Tesla 
2089,Bitcoin 
2090,Sutter 
2091,Twitter 
2092,Twitter 
2093,Twitter 
2094,Twitter 
2095,Twitter 
2096,Google 
2097,Bitcoin 
2098,Microsoft 
2099,Apple 
2100,Apple 
2101,Reuters 
2102,Wilson 
2103,Michigan 
2104,Michigan 
2105,Michigan 
2106,Schwarzman 
2107,Business Insider 
2108,Bitcoin 
2109,Bitcoin 
2110,Bitcoin 
2111,Apple 
2112,Apple 
2113,Apple 
2114,Tesla 
2115,Morgan 
2116,Facebook 
2117,Bitcoin 
2118,Pimco 
2119,Bitcoin 
2120,Dealbook 
2121,Bitcoin 
2122,Goodman 
2123,Goodman 
2124,Business Insider 
2125,Business Insider 
2126,Business Insider 
2127,Bitcoin 
2128,Goodman 
2129,Goodman 
2130,Reuters 
2131,Germany 
2132,Facebook 
2133,Facebook 
2134,Facebook 
2135,Facebook 
2136,Facebook 
2137,Facebook 
2138,Erdogan 
2139,Herbalife 
2140,Bitcoin 
2141,Business Insider 
2142,Ackman 
2143,Goodman 
2144,Ackman 
2145,Ackman 
2146,Ackman 
2147,Carlson 
2148,Goldman 
2149,Herbalife 
2150,Bronfman 
2151,Herbalife 
2152,Herbalife 
2153,Herbalife 
2154,Herbalife 
2155,Citigroup 
2156,Pimco 
2157,Business Insider 
2158,Amazon 
2159,Goldman 
2160,Bitcoin 
2161,Ackman 
2162,Herbalife 
2163,Bitcoin 
2164,Business Insider 
2165,Goldman Sachs 
2166,Johnson 
2167,Bitcoin 
2168,Michigan 
2169,Michigan 
2170,Bitcoin 
2171,Bitcoin 
2172,Amazon 
2173,Amazon 
2174,Google 
2175,Amazon 
2176,Google 
2177,Apple 
2178,Apple 
2179,Amazon 
2180,Apple 
2181,Business Insider 
2182,Goldman 
2183,Schneiderman 
2184,Alibaba 
2185,Business Insider 
2186,Bitcoin 
2187,Goldman 
2188,Yellen 
2189,Yellen 
2190,Bitcoin 
2191,Alibaba 
2192,Google 
2193,Microsoft 
2194,Microsoft 
2195,Citi 
2196,Apple 
2197,Herbalife 
2198,Herbalife 
2199,Business Insider 
2200,Deutsche 
2201,Morgan 
2202,Alibaba 
2203,Alibaba 
2204,Apple 
2205,Apple 
2206,Google 
2207,Apple 
2208,Apple 
2209,Apple 
2210,Apple 
2211,Apple 
2212,Schneiderman 
2213,Schneiderman 
2214,Citi 
2215,Citigroup 
2216,Bitcoin 
2217,Microsoft 
2218,Thompson 
2219,Barclays 
2220,Bitcoin 
2221,Bitcoin 
2222,Tesla 
2223,Google 
2224,Business Insider 
2225,Robertson 
2226,Bitcoin 
2227,Bitcoin 
2228,Michigan 
2229,Citi 
2230,Citi 
2231,Michigan 
2232,Goldman 
2233,Apple 
2234,Goldman 
2235,Hussman 
2236,Yellen 
2237,Pimco 
2238,Citigroup 
2239,Citigroup 
2240,Citigroup 
2241,Google 
2242,Microsoft 
2243,Apple 
2244,Apple 
2245,Germany 
2246,Zuckerberg 
2247,Tesla 
2248,Reuters 
2249,Kashagan 
2250,Apple 
2251,Business Insider 
2252,Goldman Sachs 
2253,Sandberg 
2254,Business Insider 
2255,Citigroup 
2256,Goldman Sachs 
2257,Goldman 
2258,Apple 
2259,Apple 
2260,Apple 
2261,Apple 
2262,Apple 
2263,Goldman 
2264,Pimco 
2265,Bitcoin 
2266,Apple 
2267,Bitcoin 
2268,Goldman 
2269,Google 
2270,Google 
2271,Google 
2272,Twitter 
2273,Goldman Sachs 
2274,Goldman 
2275,Tesla 
2276,Alibaba 
2277,Microsoft 
2278,Amazon 
2279,Apple 
2280,Apple 
2281,Apple 
2282,Apple 
2283,Google 
2284,Apple 
2285,Apple 
2286,Apple 
2287,Apple 
2288,Apple 
2289,Herbalife 
2290,Goldman 
2291,Bitcoin 
2292,Bitcoin 
2293,Deutsche 
2294,Michigan 
2295,Tesla 
2296,Michigan 
2297,Facebook 
2298,Burman 
2299,Deutsche 
2300,Goldman 
2301,Citi 
2302,Citi 
2303,Citi 
2304,Citi 
2305,Yahoo 
2306,Yahoo 
2307,Google 
2308,Germany 
2309,Citigroup 
2310,Apple 
2311,Google 
2312,Google 
2313,Google 
2314,Google 
2315,Google 
2316,Bitcoin 
2317,Bitcoin 
2318,Yellen 
2319,Yellen 
2320,Tesla 
2321,Apple 
2322,Alibaba 
2323,Business Insider 
2324,Google 
2325,Herbalife 
2326,Goldman 
2327,Goldman 
2328,Google 
2329,Facebook 
2330,Amazon 
2331,Zuckerberg 
2332,Citi 
2333,Facebook 
2334,Facebook 
2335,Bitcoin 
2336,Ripple 
2337,Business Insider 
2338,Germany 
2339,Apple 
2340,Apple 
2341,Facebook 
2342,Apple.Apple 
2343,Apple 
2344,Apple 
2345,Apple 
2346,Apple 
2347,Business Insider 
2348,Allergan 
2349,Apple 
2350,Apple 
2351,Apple 
2352,Apple 
2353,Bitcoin 
2354,Ackman 
2355,Apple 
2356,Apple 
2357,Apple 
2358,Apple 
2359,Apple 
2360,Apple 
2361,Apple 
2362,Apple 
2363,Michigan 
2364,Amazon 
2365,Bitcoin 
2366,Apple 
2367,Apple 
2368,Google 
2369,Apple 
2370,Apple 
2371,Johanson 
2372,Bitcoin 
2373,Ripple 
2374,Herbalife 
2375,Morgan 
2376,Twitter 
2377,Twitter 
2378,Twitter 
2379,Twitter 
2380,Twitter 
2381,Twitter 
2382,Michigan 
2383,Ackman 
2384,Allergan 
2385,Ackman 
2386,Germany 
2387,Cadwalader 
2388,Herbalife 
2389,Business Insider 
2390,Bitcoin 
2391,Goldman 
2392,Twitter 
2393,Schneiderman 
2394,Bitcoin 
2395,Facebook 
2396,Microsoft 
2397,Herbalife 
2398,Ackman 
2399,Herbalife 
2400,Twitter 
2401,Twitter 
2402,Twitter 
2403,Facebook 
2404,Ackman 
2405,Ackman 
2406,Buffett 
2407,Buffett 
2408,Business Insider 
2409,Bitcoin 
2410,Bitcoin 
2411,Alibaba 
2412,Twitter 
2413,Germany 
2414,Google 
2415,Tesla 
2416,Twitter 
2417,Yellen 
2418,Alibaba 
2419,Pimco 
2420,Germany 
2421,Bitcoin 
2422,Citi 
2423,Ackman 
2424,Alibaba 
2425,Citi 
2426,Apple 
2427,Alibaba 
2428,Bitcoin 
2429,Goldman 
2430,Goldman 
2431,Ackman 
2432,Apple 
2433,Twitter 
2434,Yahoo 
2435,Apple 
2436,Apple 
2437,Apple 
2438,Goldman 
2439,Morgan 
2440,Citi 
2441,Twitter 
2442,Twitter 
2443,Twitter 
2444,Twitter 
2445,Alibaba 
2446,Erdogan 
2447,Bitcoin 
2448,Bitcoin 
2449,Reuters 
2450,Morgan 
2451,Apple 
2452,Apple 
2453,Apple 
2454,Apple 
2455,Apple 
2456,Apple 
2457,Goldman Sachs 
2458,Reuters 
2459,Wal-Mart 
2460,Yellen 
2461,Amazon 
2462,Alibaba 
2463,Alibaba 
2464,Alibaba 
2465,Business Insider 
2466,Apple 
2467,Business Insider 
2468,Bitcoin 
2469,Tesla 
2470,Apple 
2471,Goldman 
2472,Goldman 
2473,Goldman 
2474,Kinberg 
2475,Goldman 
2476,Reuters 
2477,Apple 
2478,Business Insider 
2479,Tesla 
2480,Apple 
2481,Apple 
2482,Apple 
2483,Apple 
2484,Apple 
2485,Apple 
2486,Allergan 
2487,Tesla 
2488,Tesla 
2489,Tesla 
2490,Tesla 
2491,Tesla 
2492,Allergan 
2493,Allergan 
2494,Allergan 
2495,Pimco 
2496,Allergan 
2497,Allergan 
2498,Allergan 
2499,Allergan 
2500,Apple 
2501,Apple 
2502,Apple 
2503,Apple 
2504,Apple 
2505,Apple 
2506,Bitcoin 
2507,Goldman Sachs 
2508,Apple 
2509,Apple 
2510,Business Insider 
2511,Tyson 
2512,Apple 
2513,Apple 
2514,Allergan 
2515,Apple 
2516,Apple 
2517,Business Insider 
2518,Michigan 
2519,Business Insider 
2520,Apple 
2521,Ellenberg 
2522,Goldman Sachs 
2523,Apple 
2524,Goldman 
2525,Goldman 
2526,Draghi 
2527,Monday 
2528,Buffett 
2529,Bitcoin 
2530,Wal-Mart 
2531,Morgan 
2532,Michigan 
2533,Bitcoin 
2534,Ellenberg 
2535,Morgan 
2536,Facebook 
2537,Bitcoin 
2538,Business Insider 
2539,Apple 
2540,Apple 
2541,Apple 
2542,Apple 
2543,Apple 
2544,Apple 
2545,Apple 
2546,Apple 
2547,Apple 
2548,Apple 
2549,Apple 
2550,Goldman 
2551,Twitter 
2552,Amazon 
2553,Amazon 
2554,Germany 
2555,Germany 
2556,Apple 
2557,Apple 
2558,Germany 
2559,Reuters 
2560,Allergan 
2561,Ackman 
2562,Allergan 
2563,Allergan 
2564,Allergan 
2565,Google 
2566,Bitcoin 
2567,Michigan 
2568,Michigan 
2569,Reuters 
2570,Allergan 
2571,Ackman 
2572,Allergan 
2573,Allergan 
2574,Allergan 
2575,Bitcoin 
2576,Bitcoin 
2577,Bitcoin 
2578,Business Insider 
2579,Apple 
2580,Google 
2581,Tesla 
2582,Goldman 
2583,Parkinson 
2584,Morgan 
2585,Allergan 
2586,Apple 
2587,Apple 
2588,Goldman 
2589,Tesla 
2590,Tesla 
2591,Apple 
2592,Amazon 
2593,Goldman Sachs 
2594,Tesla 
2595,Apple 
2596,Apple 
2597,Apple 
2598,Morgan 
2599,Goldman 
2600,Goldman 
2601,Goldman 
2602,Citi 
2603,Kjellberg 
2604,Google 
2605,Morningstar 
2606,Amazon 
2607,Amazon 
2608,Apple 
2609,Apple 
2610,Apple 
2611,Yellen 
2612,Goldman 
2613,Amazon 
2614,Business Insider 
2615,Yellen 
2616,Yellen 
2617,Tesla 
2618,Bitcoin 
2619,Bitcoin 
2620,Yellen 
2621,Apple 
2622,Goldman Sachs 
2623,Jackson 
2624,Jackson 
2625,Germany 
2626,Amazon 
2627,Google 
2628,Schneiderman 
2629,Michigan 
2630,Apple 
2631,Morgan 
2632,Schneiderman 
2633,Shepherdson 
2634,Goldman Sachs 
2635,Goldman 
2636,Goldman 
2637,Citigroup 
2638,Morgan 
2639,Facebook 
2640,Facebook 
2641,Apple 
2642,Apple 
2643,Apple 
2644,Apple 
2645,Apple 
2646,Apple 
2647,Apple 
2648,Apple 
2649,Apple 
2650,XiaomiApple 
2651,Apple 
2652,Apple 
2653,Apple 
2654,Apple 
2655,Apple 
2656,Google 
2657,Goldman Sachs 
2658,Apple 
2659,Apple 
2660,Apple 
2661,Apple 
2662,Apple 
2663,Apple 
2664,Apple 
2665,Apple 
2666,Apple 
2667,XiaomiApple 
2668,Apple 
2669,Apple 
2670,Apple 
2671,Apple 
2672,Apple 
2673,Lehman 
2674,Business Insider 
2675,Business Insider 
2676,Rengan 
2677,Germany 
2678,Goldman 
2679,Tesla 
2680,Goldman Sachs 
2681,Bitcoin 
2682,Goldman Sachs 
2683,Edison 
2684,Bitcoin 
2685,Carter 
2686,Business Insider 
2687,Business Insider 
2688,Tesla 
2689,Goldman Sachs 
2690,Tesla 
2691,Yellen 
2692,Apple 
2693,Germany 
2694,Tesla 
2695,Facebook 
2696,Alibaba 
2697,Alibaba 
2698,Yellen 
2699,Yellen 
2700,Yellen 
2701,Yellen 
2702,Yellen 
2703,Business Insider 
2704,Allergan 
2705,Allergan 
2706,Yahoo 
2707,Business Insider 
2708,Apple 
2709,Google 
2710,Google 
2711,Google 
2712,Bitcoin 
2713,Apple 
2714,Michigan 
2715,Michigan 
2716,Bitcoin 
2717,Michigan 
2718,Google 
2719,Google 
2720,Google 
2721,Michigan 
2722,Google 
2723,Apple 
2724,Business Insider 
2725,Bitcoin 
2726,Herbalife 
2727,Parkinson 
2728,Herbalife 
2729,Herbalife 
2730,Herbalife 
2731,Herbalife 
2732,Ackman 
2733,Ackman 
2734,Apple 
2735,Apple 
2736,Apple 
2737,Apple 
2738,Allergan 
2739,Allergan 
2740,Allergan 
2741,Herbalife 
2742,Microsoft 
2743,Apple 
2744,Business Insider 
2745,Herbalife 
2746,Ackman 
2747,Ackman 
2748,Herbalife 
2749,Chairman 
2750,Herbalife 
2751,Herbalife 
2752,Ackman 
2753,Apple 
2754,Business Insider 
2755,Apple 
2756,Herbalife 
2757,Tesla 
2758,Ackman 
2759,Ackman 
2760,Herbalife 
2761,Apple 
2762,Apple 
2763,Apple 
2764,Apple 
2765,Apple 
2766,Apple 
2767,Apple 
2768,Apple 
2769,Amazon 
2770,Facebook 
2771,Ackman 
2772,Ackman 
2773,Ackman 
2774,Ackman 
2775,Ackman 
2776,Wal-Mart 
2777,Apple 
2778,Tesla 
2779,Morgan 
2780,Apple 
2781,Business Insider 
2782,Wal-Mart 
2783,Amazon 
2784,Apple 
2785,Parkinson 
2786,Business Insider 
2787,Google 
2788,Ackman 
2789,Ackman 
2790,Ackman 
2791,Ackman 
2792,Ackman 
2793,Ackman 
2794,Business Insider 
2795,Herbalife 
2796,Goldman Sachs 
2797,Tesla 
2798,Twitter 
2799,Tesla 
2800,Tesla 
2801,Bitcoin 
2802,Goldman 
2803,Twitter 
2804,Tesla 
2805,Tesla 
2806,Ackman 
2807,Ackman 
2808,Germany 
2809,People 
2810,Michigan 
2811,Michigan 
2812,Tesla 
2813,Tesla 
2814,Goldman Sachs 
2815,Tesla 
2816,Michigan 
2817,Morningstar 
2818,White 
2819,Facebook 
2820,Facebook 
2821,Business Insider 
2822,Citigroup 
2823,Morgan 
2824,Goldman 
2825,Goldman 
2826,Goldman 
2827,Goldman 
2828,Goldman 
2829,Goldman 
2830,Disney 
2831,Reuters 
2832,Disney 
2833,Goldman Sachs 
2834,Apple Inc 
2835,Apple 
2836,Apple 
2837,Goldman 
2838,Goldman 
2839,Allergan 
2840,Ackman 
2841,Ackman 
2842,Reuters 
2843,Allergan 
2844,Allergan 
2845,Allergan 
2846,Ackman 
2847,Google 
2848,Goldman Sachs 
2849,Business Insider 
2850,Germany 
2851,Germany 
2852,Business Insider 
2853,Ackman 
2854,Allergan 
2855,Germany 
2856,Facebook 
2857,Goldman Sachs 
2858,Business Insider 
2859,Goldman 
2860,Microsoft 
2861,Microsoft 
2862,Germany 
2863,Alibaba 
2864,Alibaba 
2865,Amazon 
2866,Tesla 
2867,Cooperman 
2868,Allergan 
2869,Ackman 
2870,Allergan 
2871,Germany 
2872,Germany 
2873,Tesla 
2874,Tesla 
2875,Michigan 
2876,Michigan 
2877,Michigan 
2878,Allergan 
2879,Ackman 
2880,Allergan 
2881,Allergan 
2882,Allergan 
2883,Lehman 
2884,Michigan 
2885,Citi 
2886,Parkinson 
2887,Goldman 
2888,Business Insider 
2889,Amazon 
2890,Amazon 
2891,Ferguson 
2892,Ferguson 
2893,Yellen 
2894,Apple 
2895,Apple 
2896,Apple 
2897,Apple 
2898,Apple 
2899,Apple 
2900,Apple 
2901,Apple 
2902,Apple 
2903,Apple 
2904,Apple 
2905,Apple 
2906,Business Insider 
2907,Schneiderman 
2908,Citi 
2909,Germany 
2910,Amazon 
2911,Allergan 
2912,Business Insider 
2913,Yellen 
2914,Microsoft 
2915,Yellen 
2916,Yellen 
2917,Yellen 
2918,Microsoft 
2919,Bitcoin 
2920,Germany 
2921,Allergan 
2922,Allergan 
2923,Apple 
2924,Apple 
2925,Alibaba 
2926,Amazon 
2927,Amazon 
2928,Amazon 
2929,Business Insider 
2930,Buffett 
2931,Alibaba 
2932,Alibaba 
2933,Alibaba 
2934,Germany 
2935,Germany 
2936,Michigan 
2937,Goldman 
2938,Michigan 
2939,Yellen 
2940,Michigan 
2941,Gett 
2942,Michigan 
2943,Michigan 
2944,Amazon 
2945,Amazon 
2946,Amazon 
2947,Apple 
2948,Apple 
2949,Apple 
2950,Apple 
2951,Tesla 
2952,Apple 
2953,Apple 
2954,Apple 
2955,Germany 
2956,Apple 
2957,Apple 
2958,Apple 
2959,Apple 
2960,Apple 
2961,Apple 
2962,Apple 
2963,Business Insider 
2964,Apple 
2965,Goldman 
2966,Goldman Sachs 
2967,Apple 
2968,Apple 
2969,Apple 
2970,Apple 
2971,Goldman 
2972,Apple 
2973,Apple 
2974,Apple 
2975,Apple 
2976,Apple 
2977,Apple 
2978,Apple 
2979,Apple 
2980,Apple 
2981,Apple 
2982,Yellen 
2983,Business Insider 
2984,Business Insider 
2985,Business Insider 
2986,Amazon 
2987,Apple 
2988,Apple 
2989,Tesla 
2990,Apple 
2991,Apple 
2992,Tesla 
2993,Goldman 
2994,Apple 
2995,Apple 
2996,Apple 
2997,Apple 
2998,Wesco 
2999,Apple 
3000,Apple 
3001,Apple 
3002,Apple 
3003,Apple 
3004,Alibaba 
3005,Apple 
3006,Apple 
3007,Apple 
3008,Apple 
3009,Apple 
3010,Goldman 
3011,Goldman 
3012,Goldman 
3013,Apple 
3014,Apple 
3015,Business Insider 
3016,Goldman 
3017,Goldman 
3018,Apple 
3019,Business Insider 
3020,Apple 
3021,Santander 
3022,Santander 
3023,Santander 
3024,Apple 
3025,Apple 
3026,Apple 
3027,Apple 
3028,Apple 
3029,Apple 
3030,Google 
3031,Apple 
3032,Apple 
3033,Google 
3034,Apple 
3035,Tesla 
3036,Tesla 
3037,Apple 
3038,Bitcoin 
3039,Apple 
3040,Apple 
3041,Apple 
3042,Apple 
3043,Michigan 
3044,Business Insider 
3045,Apple 
3046,Business Insider 
3047,Michigan 
3048,Ackman 
3049,Apple 
3050,Business Insider 
3051,Business Insider 
3052,Apple 
3053,Apple 
3054,Apple 
3055,Apple 
3056,Apple 
3057,Apple 
3058,Amazon 
3059,Apple 
3060,Apple 
3061,Apple 
3062,Apple 
3063,Apple 
3064,Apple 
3065,Apple 
3066,Apple 
3067,Google 
3068,Apple 
3069,Apple 
3070,Tesla 
3071,Business Insider 
3072,Alibaba 
3073,Apple 
3074,Business Insider 
3075,Reuters 
3076,Tesla 
3077,Business Insider 
3078,Business Insider 
3079,Tesla 
3080,Tesla 
3081,Tesla 
3082,Ackman 
3083,Herbalife 
3084,Apple 
3085,Apple 
3086,Apple 
3087,Allergan 
3088,Allergan 
3089,Business Insider 
3090,Buffett 
3091,Business Insider 
3092,Apple 
3093,Apple 
3094,Goldman 
3095,Goldman 
3096,Klarman 
3097,Klarman 
3098,Business Insider 
3099,Apple 
3100,Goldman Sachs 
3101,Ellison 
3102,Ellison 
3103,Twitter 
3104,Apple 
3105,Business Insider 
3106,Business Insider 
3107,Alibaba 
3108,Alibaba 
3109,Yahoo 
3110,Goldman Sachs 
3111,Tesla 
3112,Alibaba 
3113,Germany 
3114,Apple 
3115,Apple 
3116,Bitcoin 
3117,Bitcoin 
3118,Facebook 
3119,Alibaba 
3120,Yahoo 
3121,Alibaba 
3122,Alibaba 
3123,Alibaba 
3124,Alibaba 
3125,Alibaba 
3126,Alibaba 
3127,Alibaba 
3128,Germany 
3129,Tesla 
3130,Tesla 
3131,Apple 
3132,Apple 
3133,Bloomberg 
3134,Robertson 
3135,Apple 
3136,Business Insider 
3137,Business Insider 
3138,Ackman 
3139,Ackman 
3140,Allergan 
3141,Allergan 
3142,Ackman 
3143,Herbalife 
3144,Deutsche 
3145,Apple 
3146,Reuters 
3147,Apple 
3148,Ellison 
3149,Business Insider 
3150,Yahoo 
3151,Yahoo 
3152,Hayman 
3153,Ackman 
3154,Ackman 
3155,Ackman 
3156,Goldman 
3157,Amazon 
3158,Business Insider 
3159,Goldman 
3160,People 
3161,Holder 
3162,Holder 
3163,Michigan 
3164,Snyder 
3165,Snyder 
3166,Michigan 
3167,Yahoo 
3168,Yahoo 
3169,Yahoo 
3170,Reuters 
3171,Morgan 
3172,Michigan 
3173,Apple 
3174,Business Insider 
3175,Apple 
3176,Goldman 
3177,Goldman 
3178,Facebook 
3179,People 
3180,Google 
3181,Google 
3182,Google 
3183,Google 
3184,Google 
3185,Google 
3186,Google 
3187,Google 
3188,Google 
3189,Google 
3190,Google 
3191,Google 
3192,Google 
3193,Google 
3194,Google 
3195,Google 
3196,Yahoo 
3197,Pimco 
3198,Business Insider 
3199,Facebook 
3200,Business Insider 
3201,Amazon 
3202,Musk 
3203,Business Insider 
3204,Microsoft 
3205,Reuters 
3206,Reuters 
3207,Pimco 
3208,Apple 
3209,Tesla 
3210,Business Insider 
3211,Yahoo 
3212,Business Insider 
3213,Tesla 
3214,Goldman 
3215,Ackman 
3216,Google 
3217,Google 
3218,Google 
3219,Apple 
3220,Apple 
3221,Apple 
3222,Business Insider 
3223,Business Insider 
3224,Business Insider 
3225,Microsoft 
3226,Tesla 
3227,Germany 
3228,Apple 
3229,Business Insider 
3230,Gilman 
3231,Tesla 
3232,Microsoft 
3233,Business Insider 
3234,Business Insider 
3235,Tesla 
3236,People 
3237,Whitman 
3238,Whitman 
3239,Greenberg 
3240,Apple 
3241,Citi 
3242,Goldman Sachs 
3243,Goldman 
3244,Erickson 
3245,Amazon 
3246,Amazon 
3247,Citi 
3248,Greenberg 
3249,Apple 
3250,Apple 
3251,Apple 
3252,Herbalife 
3253,Allergan 
3254,Apple 
3255,Apple 
3256,Schneiderman 
3257,Germany 
3258,Reuters 
3259,Amazon 
3260,Amazon 
3261,Amazon 
3262,Goldman Sachs 
3263,Goldman 
3264,Business Insider 
3265,Business Insider 
3266,Apple 
3267,Apple 
3268,Apple 
3269,Apple 
3270,Apple 
3271,Tesla 
3272,Apple 
3273,Apple 
3274,Business Insider 
3275,Gorman 
3276,Morgan 
3277,Morgan 
3278,Greenberg 
3279,Google 
3280,Business Insider 
3281,Apple 
3282,Apple 
3283,Apple 
3284,Apple 
3285,Goldman Sachs 
3286,Twitter 
3287,Citi 
3288,Business Insider 
3289,Germany 
3290,Goldman 
3291,Twitter 
3292,Twitter 
3293,Germany 
3294,Business Insider 
3295,Tesla 
3296,Business Insider 
3297,Yahoo 
3298,Chase 
3299,Amazon 
3300,Apple 
3301,Apple 
3302,Citigroup 
3303,Germany 
3304,Yellen 
3305,Apple 
3306,Apple 
3307,Apple 
3308,Apple 
3309,Apple 
3310,Apple 
3311,Apple 
3312,Google 
3313,Apple 
3314,Apple 
3315,Google 
3316,Google 
3317,Google 
3318,Google 
3319,Google 
3320,Germany 
3321,Paulson 
3322,Monday 
3323,Michigan 
3324,Monday 
3325,Michigan 
3326,Apple 
3327,Apple 
3328,Apple 
3329,Goldman 
3330,Goldman Sachs 
3331,Goldman 
3332,Goldman 
3333,Yahoo 
3334,Germany 
3335,Apple 
3336,Apple 
3337,Apple 
3338,Apple 
3339,Business Insider 
3340,Apple 
3341,Business Insider 
3342,Business Insider 
3343,Goldman Sachs 
3344,Apple 
3345,Paulson 
3346,Goldman 
3347,Monday 
3348,Amazon 
3349,Morgan 
3350,Tesla 
3351,Apple 
3352,Apple 
3353,Business Insider 
3354,Apple 
3355,Ackman 
3356,Davidson 
3357,Ackman 
3358,Ackman 
3359,Google 
3360,Business Insider 
3361,Amazon 
3362,Dow 
3363,Facebook 
3364,Amazon 
3365,Microsoft 
3366,Apple 
3367,Ackman 
3368,Ackman 
3369,Paulson 
3370,Ackman 
3371,Ackman 
3372,Allergan 
3373,Allergan 
3374,Allergan 
3375,Buffett 
3376,Business Insider 
3377,Business Insider 
3378,Amazon 
3379,Amazon 
3380,Amazon 
3381,Amazon 
3382,Google 
3383,Apple 
3384,Google 
3385,Apple 
3386,Ackman 
3387,Davidson 
3388,Gartman 
3389,Business Insider 
3390,Goldman Sachs 
3391,Allergan 
3392,Twitter 
3393,Alibaba 
3394,Business Insider 
3395,Twitter 
3396,Business Insider 
3397,Facebook 
3398,Facebook 
3399,Zuckerberg 
3400,Business Insider 
3401,Twitter 
3402,Business Insider 
3403,Tesla 
3404,Tesla 
3405,Tesla 
3406,Goldman Sachs 
3407,Germany 
3408,Twitter 
3409,Microsoft 
3410,Microsoft 
3411,Business Insider 
3412,Business Insider 
3413,Business Insider 
3414,Business Insider 
3415,Facebook 
3416,Facebook 
3417,Facebook 
3418,Apple 
3419,Monday 
3420,Facebook 
3421,Facebook 
3422,Amazon 
3423,Amazon 
3424,Amazon 
3425,Amazon 
3426,Bloomberg 
3427,Twitter 
3428,Yellen 
3429,Michigan 
3430,Michigan 
3431,Michigan 
3432,Google 
3433,Google 
3434,Deutsche 
3435,Deutsche 
3436,Deutsche 
3437,Deutsche 
3438,Deutsche 
3439,Deutsche 
3440,Amazon 
3441,Amazon 
3442,Bloomberg 
3443,Ackman 
3444,Herbalife 
3445,Business Insider 
3446,Apple 
3447,Ackman 
3448,Business Insider 
3449,Herbalife 
3450,Herbalife 
3451,Herbalife 
3452,Business Insider 
3453,Herbalife 
3454,Amazon 
3455,Amazon 
3456,Amazon 
3457,Amazon 
3458,Amazon 
3459,Goldman Sachs 
3460,Tesla 
3461,Tesla 
3462,Stephenson 
3463,Bridgewater 
3464,John 
3465,Citi 
3466,Holder 
3467,Apple 
3468,Apple 
3469,Apple 
3470,Business Insider 
3471,Allergan 
3472,Tesla 
3473,Business Insider 
3474,Apple 
3475,Apple 
3476,Apple 
3477,Apple 
3478,Apple 
3479,Apple 
3480,Microsoft 
3481,Reuters 
3482,Reuters 
3483,Bridgewater 
3484,Twitter 
3485,Facebook 
3486,Twitter 
3487,Facebook 
3488,Apple 
3489,Johnson 
3490,Johnson 
3491,Goldman 
3492,Business Insider 
3493,Business Insider 
3494,Paulson 
3495,Business Insider 
3496,Bridgewater 
3497,Hussman 
3498,Business Insider 
3499,Business Insider 
3500,Business Insider 
3501,Business Insider 
3502,Reuters 
3503,Ford 
3504,Ford 
3505,Goldman 
3506,Twitter 
3507,Business Insider 
3508,Goldman Sachs 
3509,Reuters 
3510,Reuters 
3511,Bitcoin 
3512,Bitcoin 
3513,Ackman 
3514,Herbalife 
3515,Microsoft 
3516,Twitter 
3517,Bridgewater 
3518,Twitter 
3519,Google 
3520,Wal-Mart 
3521,Buffett 
3522,Michigan 
3523,Business Insider 
3524,Business Insider 
3525,Bridgewater 
3526,Alibaba 
3527,Business Insider 
3528,Goldman 
3529,Goldman 
3530,People 
3531,Citi 
3532,Business Insider 
3533,Ackman 
3534,Allergan 
3535,Allergan 
3536,Allergan 
3537,Reuters 
3538,Germany 
3539,Business Insider 
3540,Business Insider 
3541,Business Insider 
3542,Reuters 
3543,Alibaba 
3544,Business Insider 
3545,Citigroup 
3546,Apple 
3547,Apple 
3548,Business Insider 
3549,Reuters 
3550,Goldman 
3551,Amazon 
3552,Goldman 
3553,Google 
3554,Google 
3555,Google 
3556,Goldman 
3557,Goldman 
3558,Goldman 
3559,Goldman 
3560,Goldman Sachs 
3561,Business Insider 
3562,Business Insider 
3563,Twitter 
3564,Twitter 
3565,People 
3566,Business Insider 
3567,Business Insider 
3568,Business Insider 
3569,Apple 
3570,Business Insider 
3571,Business Insider 
3572,Paulson 
3573,Paulson 
3574,Paulson 
3575,Germany 
3576,Goldman Sachs 
3577,Reuters 
3578,Reuters 
3579,Apple 
3580,Business Insider 
3581,Business Insider 
3582,Business Insider 
3583,Apple 
3584,Reuters 
3585,Reuters 
3586,Reuters 
3587,Google 
3588,Germany 
3589,Yellen 
3590,Michigan 
3591,Business Insider 
3592,Business Insider 
3593,Apple 
3594,Apple 
3595,Apple 
3596,Apple 
3597,Apple 
3598,Apple 
3599,Apple 
3600,Apple 
3601,Apple 
3602,Apple 
3603,Apple 
3604,Business Insider 
3605,Reuters 
3606,Reuters 
3607,Germany 
3608,Business Insider 
3609,Business Insider 
3610,Citi 
3611,Apple 
3612,Citi 
3613,Business Insider 
3614,Apple 
3615,Germany 
3616,Apple 
3617,Apple 
3618,Apple 
3619,Apple 
3620,Apple 
3621,Apple 
3622,Apple 
3623,Apple 
3624,Apple 
3625,Apple 
3626,Apple 
3627,Apple 
3628,Reuters 
3629,Amazon 
3630,Goldman Sachs 
3631,Business Insider 
3632,Amazon 
3633,Goldman 
3634,Business Insider 
3635,Amazon 
3636,Amazon 
3637,Amazon 
3638,Business Insider 
3639,Business Insider 
3640,Reuters 
3641,Reuters 
3642,Business Insider 
3643,Goldman Sachs 
3644,Reuters 
3645,Reuters 
3646,Reuters 
3647,Monday 
3648,Apple 
3649,Business Insider 
3650,Business Insider 
3651,Tillerson 
3652,Germany 
3653,Business Insider 
3654,Business Insider 
3655,Business Insider 
3656,Reuters 
3657,Reuters 
3658,Goldman 
3659,Business Insider 
3660,Amazon 
3661,Rosenberg 
3662,Tesla 
3663,Tesla 
3664,Business Insider 
3665,Morgan 
3666,Tesla 
3667,Tesla 
3668,Business Insider 
3669,Cisco 
3670,Business Insider 
3671,Cisco 
3672,Business Insider 
3673,Business Insider 
3674,Michael 
3675,Business Insider 
3676,Michigan 
3677,Reuters 
3678,Monday 
3679,Goldman Sachs 
3680,Edelman 
3681,Business Insider 
3682,Business Insider 
3683,Business Insider 
3684,Business Insider 
3685,Yellen 
3686,Goldman 
3687,Business Insider 
3688,Oman 
3689,Business Insider 
3690,Rotenberg 
3691,Wal-Mart 
3692,Michigan 
3693,Michigan 
3694,Schwarzman 
3695,Schwarzman 
3696,Schwarzman 
3697,Cushman 
3698,Business Insider 
3699,Reuters 
3700,Roche 
3701,Google 
3702,Business Insider 
3703,Business Insider 
3704,Yellen 
3705,Business Insider 
3706,Business Insider 
3707,Goldman Sachs 
3708,Business Insider 
3709,Business Insider 
3710,Tesla 
3711,Business Insider 
3712,Amazon 
3713,Amazon 
3714,Germany 
3715,Amazon 
3716,Amazon 
3717,Business Insider 
3718,Goldman 
3719,Tesla 
3720,Tesla 
3721,Business Insider 
3722,Amazon 
3723,Herbalife 
3724,Ackman 
3725,Ackman 
3726,Ackman 
3727,Tesla 
3728,Tesla 
3729,Alibaba 
3730,Business Insider 
3731,Business Insider 
3732,Goldman 
3733,Business Insider 
3734,Business Insider 
3735,Michigan 
3736,Business Insider 
3737,Apple 
3738,Apple 
3739,Reuters 
3740,Facebook 
3741,Facebook 
3742,Business Insider 
3743,Germany 
3744,Morgan 
3745,Business Insider 
3746,Apple 
3747,Business Insider 
3748,Sydney 
3749,Michigan 
3750,Apple 
3751,Business Insider 
3752,Michgan 
3753,Reuters 
3754,Reuters 
3755,Reuters 
3756,Business Insider 
3757,Twitter 
3758,Twitter 
3759,Business Insider 
3760,Goldman Sachs 
3761,Reuters 
3762,Reuters 
3763,Apple 
3764,Business Insider 
3765,Business Insider 
3766,Apple 
3767,Business Insider 
3768,Edison 
3769,Reuters 
3770,Business Insider 
3771,Apple 
3772,Goldman Sachs 
3773,Business Insider 
3774,Apple 
3775,Apple 
3776,Facebook 
3777,Facebook 
3778,Monday 
3779,Reuters 
3780,Business Insider 
3781,Apple 
3782,Business Insider 
3783,Business Insider 
3784,Sydney 
3785,Google 
3786,Google 
3787,Google 
3788,Business Insider 
3789,Business Insider 
3790,Goldman 
3791,Goldman Sachs 
